{
  "trained_at": "2026-03-24T06:00:06.244458",
  "n_trades": 107,
  "auc": 0.5826,
  "n_positive": 52,
  "n_negative": 55,
  "feature_importances": {
    "rsi": 0.020826812573029527,
    "rsi1": 0.030546033607339165,
    "mch": 0.09702851049633493,
    "mcs": 0.04765580023962879,
    "es": 0.07981628592398243,
    "an": 0.05136032334403438,
    "volr": 0.03364264689534077,
    "hod": 0.4445411008629581,
    "dow": 0.0036619337839261298,
    "bbp": 0.002581798055078725,
    "r1": 0.07629546018914758,
    "r3": 0.08591249527062071,
    "r6": 0.026130798758578672
  },
  "model_threshold": 0.55,
  "profit_target": 0.003,
  "deploy": true,
  "real_feature_trades": 40,
  "prev_auc": 0.5556,
  "auc_delta": 0.027
}